<?xml version="1.0" encoding="utf-8"?>
<resources>

    <string name="wi_day_sunny">&#xf00d;</string>
    <string name="wi_day_cloudy">&#xf002;</string>
    <string name="wi_day_cloudy_gusts">&#xf000;</string>
    <string name="wi_day_cloudy_windy">&#xf001;</string>
    <string name="wi_day_fog">&#xf003;</string>
    <string name="wi_day_hail">&#xf004;</string>
    <string name="wi_day_haze">&#xf0b6;</string>
    <string name="wi_day_lightning">&#xf005;</string>
    <string name="wi_day_rain">&#xf008;</string>
    <string name="wi_day_rain_mix">&#xf006;</string>
    <string name="wi_day_rain_wind">&#xf007;</string>
    <string name="wi_day_showers">&#xf009;</string>
    <string name="wi_day_sleet">&#xf0b2;</string>
    <string name="wi_day_sleet_storm">&#xf068;</string>
    <string name="wi_day_snow">&#xf00a;</string>
    <string name="wi_day_snow_thunderstorm">&#xf06b;</string>
    <string name="wi_day_snow_wind">&#xf065;</string>
    <string name="wi_day_sprinkle">&#xf00b;</string>
    <string name="wi_day_storm_showers">&#xf00e;</string>
    <string name="wi_day_sunny_overcast">&#xf00c;</string>
    <string name="wi_day_thunderstorm">&#xf010;</string>
    <string name="wi_day_windy">&#xf085;</string>
    <string name="wi_solar_eclipse">&#xf06e;</string>
    <string name="wi_hot">&#xf072;</string>
    <string name="wi_day_cloudy_high">&#xf07d;</string>
    <string name="wi_day_light_wind">&#xf0c4;</string>
    <string name="wi_night_clear">&#xf02e;</string>
    <string name="wi_night_alt_cloudy">&#xf086;</string>
    <string name="wi_night_alt_cloudy_gusts">&#xf022;</string>
    <string name="wi_night_alt_cloudy_windy">&#xf023;</string>
    <string name="wi_night_alt_hail">&#xf024;</string>
    <string name="wi_night_alt_lightning">&#xf025;</string>
    <string name="wi_night_alt_rain">&#xf028;</string>
    <string name="wi_night_alt_rain_mix">&#xf026;</string>
    <string name="wi_night_alt_rain_wind">&#xf027;</string>
    <string name="wi_night_alt_showers">&#xf029;</string>
    <string name="wi_night_alt_sleet">&#xf0b4;</string>
    <string name="wi_night_alt_sleet_storm">&#xf06a;</string>
    <string name="wi_night_alt_snow">&#xf02a;</string>
    <string name="wi_night_alt_snow_thunderstorm">&#xf06d;</string>
    <string name="wi_night_alt_snow_wind">&#xf067;</string>
    <string name="wi_night_alt_sprinkle">&#xf02b;</string>
    <string name="wi_night_alt_storm_showers">&#xf02c;</string>
    <string name="wi_night_alt_thunderstorm">&#xf02d;</string>
    <string name="wi_night_cloudy">&#xf031;</string>
    <string name="wi_night_cloudy_gusts">&#xf02f;</string>
    <string name="wi_night_cloudy_windy">&#xf030;</string>
    <string name="wi_night_fog">&#xf04a;</string>
    <string name="wi_night_hail">&#xf032;</string>
    <string name="wi_night_lightning">&#xf033;</string>
    <string name="wi_night_partly_cloudy">&#xf083;</string>
    <string name="wi_night_rain">&#xf036;</string>
    <string name="wi_night_rain_mix">&#xf034;</string>
    <string name="wi_night_rain_wind">&#xf035;</string>
    <string name="wi_night_showers">&#xf037;</string>
    <string name="wi_night_sleet">&#xf0b3;</string>
    <string name="wi_night_sleet_storm">&#xf069;</string>
    <string name="wi_night_snow">&#xf038;</string>
    <string name="wi_night_snow_thunderstorm">&#xf06c;</string>
    <string name="wi_night_snow_wind">&#xf066;</string>
    <string name="wi_night_sprinkle">&#xf039;</string>
    <string name="wi_night_storm_showers">&#xf03a;</string>
    <string name="wi_night_thunderstorm">&#xf03b;</string>
    <string name="wi_lunar_eclipse">&#xf070;</string>
    <string name="wi_stars">&#xf077;</string>
    <string name="wi_storm_showers">&#xf01d;</string>
    <string name="wi_thunderstorm">&#xf01e;</string>
    <string name="wi_night_alt_cloudy_high">&#xf07e;</string>
    <string name="wi_night_cloudy_high">&#xf080;</string>
    <string name="wi_night_alt_partly_cloudy">&#xf081;</string>
    <string name="wi_cloud">&#xf041;</string>
    <string name="wi_cloudy">&#xf013;</string>
    <string name="wi_cloudy_gusts">&#xf011;</string>
    <string name="wi_cloudy_windy">&#xf012;</string>
    <string name="wi_fog">&#xf014;</string>
    <string name="wi_hail">&#xf015;</string>
    <string name="wi_rain">&#xf019;</string>
    <string name="wi_rain_mix">&#xf017;</string>
    <string name="wi_rain_wind">&#xf018;</string>
    <string name="wi_showers">&#xf01a;</string>
    <string name="wi_sleet">&#xf0b5;</string>
    <string name="wi_snow">&#xf01b;</string>
    <string name="wi_sprinkle">&#xf01c;</string>
    <string name="wi_snow_wind">&#xf064;</string>
    <string name="wi_smog">&#xf074;</string>
    <string name="wi_smoke">&#xf062;</string>
    <string name="wi_lightning">&#xf016;</string>
    <string name="wi_raindrops">&#xf04e;</string>
    <string name="wi_raindrop">&#xf078;</string>
    <string name="wi_dust">&#xf063;</string>
    <string name="wi_snowflake_cold">&#xf076;</string>
    <string name="wi_windy">&#xf021;</string>
    <string name="wi_strong_wind">&#xf050;</string>
    <string name="wi_sandstorm">&#xf082;</string>
    <string name="wi_earthquake">&#xf0c6;</string>
    <string name="wi_fire">&#xf0c7;</string>
    <string name="wi_flood">&#xf07c;</string>
    <string name="wi_meteor">&#xf071;</string>
    <string name="wi_tsunami">&#xf0c5;</string>
    <string name="wi_volcano">&#xf0c8;</string>
    <string name="wi_hurricane">&#xf073;</string>
    <string name="wi_tornado">&#xf056;</string>
    <string name="wi_small_craft_advisory">&#xf0cc;</string>
    <string name="wi_gale_warning">&#xf0cd;</string>
    <string name="wi_storm_warning">&#xf0ce;</string>
    <string name="wi_hurricane_warning">&#xf0cf;</string>
    <string name="wi_wind_direction">&#xf0b1;</string>
    <string name="wi_alien">&#xf075;</string>
    <string name="wi_celsius">&#xf03c;</string>
    <string name="wi_fahrenheit">&#xf045;</string>
    <string name="wi_degrees">&#xf042;</string>
    <string name="wi_thermometer">&#xf055;</string>
    <string name="wi_thermometer_exterior">&#xf053;</string>
    <string name="wi_thermometer_internal">&#xf054;</string>
    <string name="wi_cloud_down">&#xf03d;</string>
    <string name="wi_cloud_up">&#xf040;</string>
    <string name="wi_cloud_refresh">&#xf03e;</string>
    <string name="wi_horizon">&#xf047;</string>
    <string name="wi_horizon_alt">&#xf046;</string>
    <string name="wi_sunrise">&#xf051;</string>
    <string name="wi_sunset">&#xf052;</string>
    <string name="wi_moonrise">&#xf0c9;</string>
    <string name="wi_moonset">&#xf0ca;</string>
    <string name="wi_refresh">&#xf04c;</string>
    <string name="wi_refresh_alt">&#xf04b;</string>
    <string name="wi_umbrella">&#xf084;</string>
    <string name="wi_barometer">&#xf079;</string>
    <string name="wi_humidity">&#xf07a;</string>
    <string name="wi_na">&#xf07b;</string>
    <string name="wi_train">&#xf0cb;</string>
    <string name="wi_moon_new">&#xf095;</string>
    <string name="wi_moon_waxing_crescent_1">&#xf096;</string>
    <string name="wi_moon_waxing_crescent_2">&#xf097;</string>
    <string name="wi_moon_waxing_crescent_3">&#xf098;</string>
    <string name="wi_moon_waxing_crescent_4">&#xf099;</string>
    <string name="wi_moon_waxing_crescent_5">&#xf09a;</string>
    <string name="wi_moon_waxing_crescent_6">&#xf09b;</string>
    <string name="wi_moon_first_quarter">&#xf09c;</string>
    <string name="wi_moon_waxing_gibbous_1">&#xf09d;</string>
    <string name="wi_moon_waxing_gibbous_2">&#xf09e;</string>
    <string name="wi_moon_waxing_gibbous_3">&#xf09f;</string>
    <string name="wi_moon_waxing_gibbous_4">&#xf0a0;</string>
    <string name="wi_moon_waxing_gibbous_5">&#xf0a1;</string>
    <string name="wi_moon_waxing_gibbous_6">&#xf0a2;</string>
    <string name="wi_moon_full">&#xf0a3;</string>
    <string name="wi_moon_waning_gibbous_1">&#xf0a4;</string>
    <string name="wi_moon_waning_gibbous_2">&#xf0a5;</string>
    <string name="wi_moon_waning_gibbous_3">&#xf0a6;</string>
    <string name="wi_moon_waning_gibbous_4">&#xf0a7;</string>
    <string name="wi_moon_waning_gibbous_5">&#xf0a8;</string>
    <string name="wi_moon_waning_gibbous_6">&#xf0a9;</string>
    <string name="wi_moon_third_quarter">&#xf0aa;</string>
    <string name="wi_moon_waning_crescent_1">&#xf0ab;</string>
    <string name="wi_moon_waning_crescent_2">&#xf0ac;</string>
    <string name="wi_moon_waning_crescent_3">&#xf0ad;</string>
    <string name="wi_moon_waning_crescent_4">&#xf0ae;</string>
    <string name="wi_moon_waning_crescent_5">&#xf0af;</string>
    <string name="wi_moon_waning_crescent_6">&#xf0b0;</string>
    <string name="wi_moon_alt_new">&#xf0eb;</string>
    <string name="wi_moon_alt_waxing_crescent_1">&#xf0d0;</string>
    <string name="wi_moon_alt_waxing_crescent_2">&#xf0d1;</string>
    <string name="wi_moon_alt_waxing_crescent_3">&#xf0d2;</string>
    <string name="wi_moon_alt_waxing_crescent_4">&#xf0d3;</string>
    <string name="wi_moon_alt_waxing_crescent_5">&#xf0d4;</string>
    <string name="wi_moon_alt_waxing_crescent_6">&#xf0d5;</string>
    <string name="wi_moon_alt_first_quarter">&#xf0d6;</string>
    <string name="wi_moon_alt_waxing_gibbous_1">&#xf0d7;</string>
    <string name="wi_moon_alt_waxing_gibbous_2">&#xf0d8;</string>
    <string name="wi_moon_alt_waxing_gibbous_3">&#xf0d9;</string>
    <string name="wi_moon_alt_waxing_gibbous_4">&#xf0da;</string>
    <string name="wi_moon_alt_waxing_gibbous_5">&#xf0db;</string>
    <string name="wi_moon_alt_waxing_gibbous_6">&#xf0dc;</string>
    <string name="wi_moon_alt_full">&#xf0dd;</string>
    <string name="wi_moon_alt_waning_gibbous_1">&#xf0de;</string>
    <string name="wi_moon_alt_waning_gibbous_2">&#xf0df;</string>
    <string name="wi_moon_alt_waning_gibbous_3">&#xf0e0;</string>
    <string name="wi_moon_alt_waning_gibbous_4">&#xf0e1;</string>
    <string name="wi_moon_alt_waning_gibbous_5">&#xf0e2;</string>
    <string name="wi_moon_alt_waning_gibbous_6">&#xf0e3;</string>
    <string name="wi_moon_alt_third_quarter">&#xf0e4;</string>
    <string name="wi_moon_alt_waning_crescent_1">&#xf0e5;</string>
    <string name="wi_moon_alt_waning_crescent_2">&#xf0e6;</string>
    <string name="wi_moon_alt_waning_crescent_3">&#xf0e7;</string>
    <string name="wi_moon_alt_waning_crescent_4">&#xf0e8;</string>
    <string name="wi_moon_alt_waning_crescent_5">&#xf0e9;</string>
    <string name="wi_moon_alt_waning_crescent_6">&#xf0ea;</string>
    <string name="wi_moon_0">&#xf095;</string>
    <string name="wi_moon_1">&#xf096;</string>
    <string name="wi_moon_2">&#xf097;</string>
    <string name="wi_moon_3">&#xf098;</string>
    <string name="wi_moon_4">&#xf099;</string>
    <string name="wi_moon_5">&#xf09a;</string>
    <string name="wi_moon_6">&#xf09b;</string>
    <string name="wi_moon_7">&#xf09c;</string>
    <string name="wi_moon_8">&#xf09d;</string>
    <string name="wi_moon_9">&#xf09e;</string>
    <string name="wi_moon_10">&#xf09f;</string>
    <string name="wi_moon_11">&#xf0a0;</string>
    <string name="wi_moon_12">&#xf0a1;</string>
    <string name="wi_moon_13">&#xf0a2;</string>
    <string name="wi_moon_14">&#xf0a3;</string>
    <string name="wi_moon_15">&#xf0a4;</string>
    <string name="wi_moon_16">&#xf0a5;</string>
    <string name="wi_moon_17">&#xf0a6;</string>
    <string name="wi_moon_18">&#xf0a7;</string>
    <string name="wi_moon_19">&#xf0a8;</string>
    <string name="wi_moon_20">&#xf0a9;</string>
    <string name="wi_moon_21">&#xf0aa;</string>
    <string name="wi_moon_22">&#xf0ab;</string>
    <string name="wi_moon_23">&#xf0ac;</string>
    <string name="wi_moon_24">&#xf0ad;</string>
    <string name="wi_moon_25">&#xf0ae;</string>
    <string name="wi_moon_26">&#xf0af;</string>
    <string name="wi_moon_27">&#xf0b0;</string>
    <string name="wi_time_1">&#xf08a;</string>
    <string name="wi_time_2">&#xf08b;</string>
    <string name="wi_time_3">&#xf08c;</string>
    <string name="wi_time_4">&#xf08d;</string>
    <string name="wi_time_5">&#xf08e;</string>
    <string name="wi_time_6">&#xf08f;</string>
    <string name="wi_time_7">&#xf090;</string>
    <string name="wi_time_8">&#xf091;</string>
    <string name="wi_time_9">&#xf092;</string>
    <string name="wi_time_10">&#xf093;</string>
    <string name="wi_time_11">&#xf094;</string>
    <string name="wi_time_12">&#xf089;</string>
    <string name="wi_direction_up">&#xf058;</string>
    <string name="wi_direction_up_right">&#xf057;</string>
    <string name="wi_direction_right">&#xf04d;</string>
    <string name="wi_direction_down_right">&#xf088;</string>
    <string name="wi_direction_down">&#xf044;</string>
    <string name="wi_direction_down_left">&#xf043;</string>
    <string name="wi_direction_left">&#xf048;</string>
    <string name="wi_direction_up_left">&#xf087;</string>
    <string name="wi_wind_beaufort_0">&#xf0b7;</string>
    <string name="wi_wind_beaufort_1">&#xf0b8;</string>
    <string name="wi_wind_beaufort_2">&#xf0b9;</string>
    <string name="wi_wind_beaufort_3">&#xf0ba;</string>
    <string name="wi_wind_beaufort_4">&#xf0bb;</string>
    <string name="wi_wind_beaufort_5">&#xf0bc;</string>
    <string name="wi_wind_beaufort_6">&#xf0bd;</string>
    <string name="wi_wind_beaufort_7">&#xf0be;</string>
    <string name="wi_wind_beaufort_8">&#xf0bf;</string>
    <string name="wi_wind_beaufort_9">&#xf0c0;</string>
    <string name="wi_wind_beaufort_10">&#xf0c1;</string>
    <string name="wi_wind_beaufort_11">&#xf0c2;</string>
    <string name="wi_wind_beaufort_12">&#xf0c3;</string>
    <string name="wi_yahoo_0">&#xf056;</string>
    <string name="wi_yahoo_1">&#xf00e;</string>
    <string name="wi_yahoo_2">&#xf073;</string>
    <string name="wi_yahoo_3">&#xf01e;</string>
    <string name="wi_yahoo_4">&#xf01e;</string>
    <string name="wi_yahoo_5">&#xf017;</string>
    <string name="wi_yahoo_6">&#xf017;</string>
    <string name="wi_yahoo_7">&#xf017;</string>
    <string name="wi_yahoo_8">&#xf015;</string>
    <string name="wi_yahoo_9">&#xf01a;</string>
    <string name="wi_yahoo_10">&#xf015;</string>
    <string name="wi_yahoo_11">&#xf01a;</string>
    <string name="wi_yahoo_12">&#xf01a;</string>
    <string name="wi_yahoo_13">&#xf01b;</string>
    <string name="wi_yahoo_14">&#xf00a;</string>
    <string name="wi_yahoo_15">&#xf064;</string>
    <string name="wi_yahoo_16">&#xf01b;</string>
    <string name="wi_yahoo_17">&#xf015;</string>
    <string name="wi_yahoo_18">&#xf017;</string>
    <string name="wi_yahoo_19">&#xf063;</string>
    <string name="wi_yahoo_20">&#xf014;</string>
    <string name="wi_yahoo_21">&#xf021;</string>
    <string name="wi_yahoo_22">&#xf062;</string>
    <string name="wi_yahoo_23">&#xf050;</string>
    <string name="wi_yahoo_24">&#xf050;</string>
    <string name="wi_yahoo_25">&#xf076;</string>
    <string name="wi_yahoo_26">&#xf013;</string>
    <string name="wi_yahoo_27">&#xf031;</string>
    <string name="wi_yahoo_28">&#xf002;</string>
    <string name="wi_yahoo_29">&#xf031;</string>
    <string name="wi_yahoo_30">&#xf002;</string>
    <string name="wi_yahoo_31">&#xf02e;</string>
    <string name="wi_yahoo_32">&#xf00d;</string>
    <string name="wi_yahoo_33">&#xf083;</string>
    <string name="wi_yahoo_34">&#xf00c;</string>
    <string name="wi_yahoo_35">&#xf017;</string>
    <string name="wi_yahoo_36">&#xf072;</string>
    <string name="wi_yahoo_37">&#xf00e;</string>
    <string name="wi_yahoo_38">&#xf00e;</string>
    <string name="wi_yahoo_39">&#xf00e;</string>
    <string name="wi_yahoo_40">&#xf01a;</string>
    <string name="wi_yahoo_41">&#xf064;</string>
    <string name="wi_yahoo_42">&#xf01b;</string>
    <string name="wi_yahoo_43">&#xf064;</string>
    <string name="wi_yahoo_44">&#xf00c;</string>
    <string name="wi_yahoo_45">&#xf00e;</string>
    <string name="wi_yahoo_46">&#xf01b;</string>
    <string name="wi_yahoo_47">&#xf00e;</string>
    <string name="wi_yahoo_3200">&#xf077;</string>
    <string name="wi_forecast_io_clear_day">&#xf00d;</string>
    <string name="wi_forecast_io_clear_night">&#xf02e;</string>
    <string name="wi_forecast_io_rain">&#xf019;</string>
    <string name="wi_forecast_io_snow">&#xf01b;</string>
    <string name="wi_forecast_io_sleet">&#xf0b5;</string>
    <string name="wi_forecast_io_wind">&#xf050;</string>
    <string name="wi_forecast_io_fog">&#xf014;</string>
    <string name="wi_forecast_io_cloudy">&#xf013;</string>
    <string name="wi_forecast_io_partly_cloudy_day">&#xf002;</string>
    <string name="wi_forecast_io_partly_cloudy_night">&#xf031;</string>
    <string name="wi_forecast_io_hail">&#xf015;</string>
    <string name="wi_forecast_io_thunderstorm">&#xf01e;</string>
    <string name="wi_forecast_io_tornado">&#xf056;</string>
    <string name="wi_wmo4680_0">&#xf055;</string>
    <string name="wi_wmo4680_00">&#xf055;</string>
    <string name="wi_wmo4680_1">&#xf013;</string>
    <string name="wi_wmo4680_01">&#xf013;</string>
    <string name="wi_wmo4680_2">&#xf055;</string>
    <string name="wi_wmo4680_02">&#xf055;</string>
    <string name="wi_wmo4680_3">&#xf013;</string>
    <string name="wi_wmo4680_03">&#xf013;</string>
    <string name="wi_wmo4680_4">&#xf014;</string>
    <string name="wi_wmo4680_04">&#xf014;</string>
    <string name="wi_wmo4680_5">&#xf014;</string>
    <string name="wi_wmo4680_05">&#xf014;</string>
    <string name="wi_wmo4680_10">&#xf014;</string>
    <string name="wi_wmo4680_11">&#xf014;</string>
    <string name="wi_wmo4680_12">&#xf016;</string>
    <string name="wi_wmo4680_18">&#xf050;</string>
    <string name="wi_wmo4680_20">&#xf014;</string>
    <string name="wi_wmo4680_21">&#xf017;</string>
    <string name="wi_wmo4680_22">&#xf017;</string>
    <string name="wi_wmo4680_23">&#xf019;</string>
    <string name="wi_wmo4680_24">&#xf01b;</string>
    <string name="wi_wmo4680_25">&#xf015;</string>
    <string name="wi_wmo4680_26">&#xf01e;</string>
    <string name="wi_wmo4680_27">&#xf063;</string>
    <string name="wi_wmo4680_28">&#xf063;</string>
    <string name="wi_wmo4680_29">&#xf063;</string>
    <string name="wi_wmo4680_30">&#xf014;</string>
    <string name="wi_wmo4680_31">&#xf014;</string>
    <string name="wi_wmo4680_32">&#xf014;</string>
    <string name="wi_wmo4680_33">&#xf014;</string>
    <string name="wi_wmo4680_34">&#xf014;</string>
    <string name="wi_wmo4680_35">&#xf014;</string>
    <string name="wi_wmo4680_40">&#xf017;</string>
    <string name="wi_wmo4680_41">&#xf01c;</string>
    <string name="wi_wmo4680_42">&#xf019;</string>
    <string name="wi_wmo4680_43">&#xf01c;</string>
    <string name="wi_wmo4680_44">&#xf019;</string>
    <string name="wi_wmo4680_45">&#xf015;</string>
    <string name="wi_wmo4680_46">&#xf015;</string>
    <string name="wi_wmo4680_47">&#xf01b;</string>
    <string name="wi_wmo4680_48">&#xf01b;</string>
    <string name="wi_wmo4680_50">&#xf01c;</string>
    <string name="wi_wmo4680_51">&#xf01c;</string>
    <string name="wi_wmo4680_52">&#xf019;</string>
    <string name="wi_wmo4680_53">&#xf019;</string>
    <string name="wi_wmo4680_54">&#xf076;</string>
    <string name="wi_wmo4680_55">&#xf076;</string>
    <string name="wi_wmo4680_56">&#xf076;</string>
    <string name="wi_wmo4680_57">&#xf01c;</string>
    <string name="wi_wmo4680_58">&#xf019;</string>
    <string name="wi_wmo4680_60">&#xf01c;</string>
    <string name="wi_wmo4680_61">&#xf01c;</string>
    <string name="wi_wmo4680_62">&#xf019;</string>
    <string name="wi_wmo4680_63">&#xf019;</string>
    <string name="wi_wmo4680_64">&#xf015;</string>
    <string name="wi_wmo4680_65">&#xf015;</string>
    <string name="wi_wmo4680_66">&#xf015;</string>
    <string name="wi_wmo4680_67">&#xf017;</string>
    <string name="wi_wmo4680_68">&#xf017;</string>
    <string name="wi_wmo4680_70">&#xf01b;</string>
    <string name="wi_wmo4680_71">&#xf01b;</string>
    <string name="wi_wmo4680_72">&#xf01b;</string>
    <string name="wi_wmo4680_73">&#xf01b;</string>
    <string name="wi_wmo4680_74">&#xf076;</string>
    <string name="wi_wmo4680_75">&#xf076;</string>
    <string name="wi_wmo4680_76">&#xf076;</string>
    <string name="wi_wmo4680_77">&#xf01b;</string>
    <string name="wi_wmo4680_78">&#xf076;</string>
    <string name="wi_wmo4680_80">&#xf019;</string>
    <string name="wi_wmo4680_81">&#xf01c;</string>
    <string name="wi_wmo4680_82">&#xf019;</string>
    <string name="wi_wmo4680_83">&#xf019;</string>
    <string name="wi_wmo4680_84">&#xf01d;</string>
    <string name="wi_wmo4680_85">&#xf017;</string>
    <string name="wi_wmo4680_86">&#xf017;</string>
    <string name="wi_wmo4680_87">&#xf017;</string>
    <string name="wi_wmo4680_89">&#xf015;</string>
    <string name="wi_wmo4680_90">&#xf016;</string>
    <string name="wi_wmo4680_91">&#xf01d;</string>
    <string name="wi_wmo4680_92">&#xf01e;</string>
    <string name="wi_wmo4680_93">&#xf01e;</string>
    <string name="wi_wmo4680_94">&#xf016;</string>
    <string name="wi_wmo4680_95">&#xf01e;</string>
    <string name="wi_wmo4680_96">&#xf01e;</string>
    <string name="wi_wmo4680_99">&#xf056;</string>
    <string name="wi_owm_200">&#xf01e;</string>
    <string name="wi_owm_201">&#xf01e;</string>
    <string name="wi_owm_202">&#xf01e;</string>
    <string name="wi_owm_210">&#xf016;</string>
    <string name="wi_owm_211">&#xf016;</string>
    <string name="wi_owm_212">&#xf016;</string>
    <string name="wi_owm_221">&#xf016;</string>
    <string name="wi_owm_230">&#xf01e;</string>
    <string name="wi_owm_231">&#xf01e;</string>
    <string name="wi_owm_232">&#xf01e;</string>
    <string name="wi_owm_300">&#xf01c;</string>
    <string name="wi_owm_301">&#xf01c;</string>
    <string name="wi_owm_302">&#xf019;</string>
    <string name="wi_owm_310">&#xf017;</string>
    <string name="wi_owm_311">&#xf019;</string>
    <string name="wi_owm_312">&#xf019;</string>
    <string name="wi_owm_313">&#xf01a;</string>
    <string name="wi_owm_314">&#xf019;</string>
    <string name="wi_owm_321">&#xf01c;</string>
    <string name="wi_owm_500">&#xf01c;</string>
    <string name="wi_owm_501">&#xf019;</string>
    <string name="wi_owm_502">&#xf019;</string>
    <string name="wi_owm_503">&#xf019;</string>
    <string name="wi_owm_504">&#xf019;</string>
    <string name="wi_owm_511">&#xf017;</string>
    <string name="wi_owm_520">&#xf01a;</string>
    <string name="wi_owm_521">&#xf01a;</string>
    <string name="wi_owm_522">&#xf01a;</string>
    <string name="wi_owm_531">&#xf01d;</string>
    <string name="wi_owm_600">&#xf01b;</string>
    <string name="wi_owm_601">&#xf01b;</string>
    <string name="wi_owm_602">&#xf0b5;</string>
    <string name="wi_owm_611">&#xf017;</string>
    <string name="wi_owm_612">&#xf017;</string>
    <string name="wi_owm_615">&#xf017;</string>
    <string name="wi_owm_616">&#xf017;</string>
    <string name="wi_owm_620">&#xf017;</string>
    <string name="wi_owm_621">&#xf01b;</string>
    <string name="wi_owm_622">&#xf01b;</string>
    <string name="wi_owm_701">&#xf01a;</string>
    <string name="wi_owm_711">&#xf062;</string>
    <string name="wi_owm_721">&#xf0b6;</string>
    <string name="wi_owm_731">&#xf063;</string>
    <string name="wi_owm_741">&#xf014;</string>
    <string name="wi_owm_761">&#xf063;</string>
    <string name="wi_owm_762">&#xf063;</string>
    <string name="wi_owm_771">&#xf011;</string>
    <string name="wi_owm_781">&#xf056;</string>
    <string name="wi_owm_800">&#xf00d;</string>
    <string name="wi_owm_801">&#xf011;</string>
    <string name="wi_owm_802">&#xf011;</string>
    <string name="wi_owm_803">&#xf012;</string>
    <string name="wi_owm_804">&#xf013;</string>
    <string name="wi_owm_900">&#xf056;</string>
    <string name="wi_owm_901">&#xf01d;</string>
    <string name="wi_owm_902">&#xf073;</string>
    <string name="wi_owm_903">&#xf076;</string>
    <string name="wi_owm_904">&#xf072;</string>
    <string name="wi_owm_905">&#xf021;</string>
    <string name="wi_owm_906">&#xf015;</string>
    <string name="wi_owm_957">&#xf050;</string>
    <string name="wi_owm_day_200">&#xf010;</string>
    <string name="wi_owm_day_201">&#xf010;</string>
    <string name="wi_owm_day_202">&#xf010;</string>
    <string name="wi_owm_day_210">&#xf005;</string>
    <string name="wi_owm_day_211">&#xf005;</string>
    <string name="wi_owm_day_212">&#xf005;</string>
    <string name="wi_owm_day_221">&#xf005;</string>
    <string name="wi_owm_day_230">&#xf010;</string>
    <string name="wi_owm_day_231">&#xf010;</string>
    <string name="wi_owm_day_232">&#xf010;</string>
    <string name="wi_owm_day_300">&#xf00b;</string>
    <string name="wi_owm_day_301">&#xf00b;</string>
    <string name="wi_owm_day_302">&#xf008;</string>
    <string name="wi_owm_day_310">&#xf008;</string>
    <string name="wi_owm_day_311">&#xf008;</string>
    <string name="wi_owm_day_312">&#xf008;</string>
    <string name="wi_owm_day_313">&#xf008;</string>
    <string name="wi_owm_day_314">&#xf008;</string>
    <string name="wi_owm_day_321">&#xf00b;</string>
    <string name="wi_owm_day_500">&#xf00b;</string>
    <string name="wi_owm_day_501">&#xf008;</string>
    <string name="wi_owm_day_502">&#xf008;</string>
    <string name="wi_owm_day_503">&#xf008;</string>
    <string name="wi_owm_day_504">&#xf008;</string>
    <string name="wi_owm_day_511">&#xf006;</string>
    <string name="wi_owm_day_520">&#xf009;</string>
    <string name="wi_owm_day_521">&#xf009;</string>
    <string name="wi_owm_day_522">&#xf009;</string>
    <string name="wi_owm_day_531">&#xf00e;</string>
    <string name="wi_owm_day_600">&#xf00a;</string>
    <string name="wi_owm_day_601">&#xf0b2;</string>
    <string name="wi_owm_day_602">&#xf00a;</string>
    <string name="wi_owm_day_611">&#xf006;</string>
    <string name="wi_owm_day_612">&#xf006;</string>
    <string name="wi_owm_day_615">&#xf006;</string>
    <string name="wi_owm_day_616">&#xf006;</string>
    <string name="wi_owm_day_620">&#xf006;</string>
    <string name="wi_owm_day_621">&#xf00a;</string>
    <string name="wi_owm_day_622">&#xf00a;</string>
    <string name="wi_owm_day_701">&#xf009;</string>
    <string name="wi_owm_day_711">&#xf062;</string>
    <string name="wi_owm_day_721">&#xf0b6;</string>
    <string name="wi_owm_day_731">&#xf063;</string>
    <string name="wi_owm_day_741">&#xf003;</string>
    <string name="wi_owm_day_761">&#xf063;</string>
    <string name="wi_owm_day_762">&#xf063;</string>
    <string name="wi_owm_day_771">&#xf000;</string>
    <string name="wi_owm_day_781">&#xf056;</string>
    <string name="wi_owm_day_800">&#xf00d;</string>
    <string name="wi_owm_day_801">&#xf000;</string>
    <string name="wi_owm_day_802">&#xf000;</string>
    <string name="wi_owm_day_803">&#xf000;</string>
    <string name="wi_owm_day_804">&#xf00c;</string>
    <string name="wi_owm_day_900">&#xf056;</string>
    <string name="wi_owm_day_901">&#xf00e;</string>
    <string name="wi_owm_day_902">&#xf073;</string>
    <string name="wi_owm_day_903">&#xf076;</string>
    <string name="wi_owm_day_904">&#xf072;</string>
    <string name="wi_owm_day_905">&#xf0c4;</string>
    <string name="wi_owm_day_906">&#xf004;</string>
    <string name="wi_owm_day_957">&#xf050;</string>
    <string name="wi_owm_night_200">&#xf02d;</string>
    <string name="wi_owm_night_201">&#xf02d;</string>
    <string name="wi_owm_night_202">&#xf02d;</string>
    <string name="wi_owm_night_210">&#xf025;</string>
    <string name="wi_owm_night_211">&#xf025;</string>
    <string name="wi_owm_night_212">&#xf025;</string>
    <string name="wi_owm_night_221">&#xf025;</string>
    <string name="wi_owm_night_230">&#xf02d;</string>
    <string name="wi_owm_night_231">&#xf02d;</string>
    <string name="wi_owm_night_232">&#xf02d;</string>
    <string name="wi_owm_night_300">&#xf02b;</string>
    <string name="wi_owm_night_301">&#xf02b;</string>
    <string name="wi_owm_night_302">&#xf028;</string>
    <string name="wi_owm_night_310">&#xf028;</string>
    <string name="wi_owm_night_311">&#xf028;</string>
    <string name="wi_owm_night_312">&#xf028;</string>
    <string name="wi_owm_night_313">&#xf028;</string>
    <string name="wi_owm_night_314">&#xf028;</string>
    <string name="wi_owm_night_321">&#xf02b;</string>
    <string name="wi_owm_night_500">&#xf02b;</string>
    <string name="wi_owm_night_501">&#xf028;</string>
    <string name="wi_owm_night_502">&#xf028;</string>
    <string name="wi_owm_night_503">&#xf028;</string>
    <string name="wi_owm_night_504">&#xf028;</string>
    <string name="wi_owm_night_511">&#xf026;</string>
    <string name="wi_owm_night_520">&#xf029;</string>
    <string name="wi_owm_night_521">&#xf029;</string>
    <string name="wi_owm_night_522">&#xf029;</string>
    <string name="wi_owm_night_531">&#xf02c;</string>
    <string name="wi_owm_night_600">&#xf02a;</string>
    <string name="wi_owm_night_601">&#xf0b4;</string>
    <string name="wi_owm_night_602">&#xf02a;</string>
    <string name="wi_owm_night_611">&#xf026;</string>
    <string name="wi_owm_night_612">&#xf026;</string>
    <string name="wi_owm_night_615">&#xf026;</string>
    <string name="wi_owm_night_616">&#xf026;</string>
    <string name="wi_owm_night_620">&#xf026;</string>
    <string name="wi_owm_night_621">&#xf02a;</string>
    <string name="wi_owm_night_622">&#xf02a;</string>
    <string name="wi_owm_night_701">&#xf029;</string>
    <string name="wi_owm_night_711">&#xf062;</string>
    <string name="wi_owm_night_721">&#xf0b6;</string>
    <string name="wi_owm_night_731">&#xf063;</string>
    <string name="wi_owm_night_741">&#xf04a;</string>
    <string name="wi_owm_night_761">&#xf063;</string>
    <string name="wi_owm_night_762">&#xf063;</string>
    <string name="wi_owm_night_771">&#xf022;</string>
    <string name="wi_owm_night_781">&#xf056;</string>
    <string name="wi_owm_night_800">&#xf02e;</string>
    <string name="wi_owm_night_801">&#xf022;</string>
    <string name="wi_owm_night_802">&#xf022;</string>
    <string name="wi_owm_night_803">&#xf022;</string>
    <string name="wi_owm_night_804">&#xf086;</string>
    <string name="wi_owm_night_900">&#xf056;</string>
    <string name="wi_owm_night_901">&#xf03a;</string>
    <string name="wi_owm_night_902">&#xf073;</string>
    <string name="wi_owm_night_903">&#xf076;</string>
    <string name="wi_owm_night_904">&#xf072;</string>
    <string name="wi_owm_night_905">&#xf021;</string>
    <string name="wi_owm_night_906">&#xf024;</string>
    <string name="wi_owm_night_957">&#xf050;</string>
    <string name="wi_wu_chanceflurries">&#xf064;</string>
    <string name="wi_wu_chancerain">&#xf019;</string>
    <string name="wi_wu_chancesleat">&#xf0b5;</string>
    <string name="wi_wu_chancesnow">&#xf01b;</string>
    <string name="wi_wu_chancetstorms">&#xf01e;</string>
    <string name="wi_wu_clear">&#xf00d;</string>
    <string name="wi_wu_cloudy">&#xf002;</string>
    <string name="wi_wu_flurries">&#xf064;</string>
    <string name="wi_wu_hazy">&#xf0b6;</string>
    <string name="wi_wu_mostlycloudy">&#xf002;</string>
    <string name="wi_wu_mostlysunny">&#xf00d;</string>
    <string name="wi_wu_partlycloudy">&#xf002;</string>
    <string name="wi_wu_partlysunny">&#xf00d;</string>
    <string name="wi_wu_rain">&#xf01a;</string>
    <string name="wi_wu_sleat">&#xf0b5;</string>
    <string name="wi_wu_snow">&#xf01b;</string>
    <string name="wi_wu_sunny">&#xf00d;</string>
    <string name="wi_wu_tstorms">&#xf01e;</string>
    <string name="wi_wu_unknown">&#xf00d;</string>

</resources>